-- phpMyAdmin SQL Dump
-- version 5.2.1
-- https://www.phpmyadmin.net/
--
-- Host: 127.0.0.1
-- Generation Time: Jun 01, 2025 at 06:31 PM
-- Server version: 10.4.32-MariaDB
-- PHP Version: 8.2.12

SET SQL_MODE = "NO_AUTO_VALUE_ON_ZERO";
START TRANSACTION;
SET time_zone = "+00:00";


/*!40101 SET @OLD_CHARACTER_SET_CLIENT=@@CHARACTER_SET_CLIENT */;
/*!40101 SET @OLD_CHARACTER_SET_RESULTS=@@CHARACTER_SET_RESULTS */;
/*!40101 SET @OLD_COLLATION_CONNECTION=@@COLLATION_CONNECTION */;
/*!40101 SET NAMES utf8mb4 */;

--
-- Database: `webproject`
--

-- --------------------------------------------------------

--
-- Table structure for table `posts`
--

CREATE TABLE `posts` (
  `id` int(11) NOT NULL,
  `user_id` int(11) NOT NULL,
  `title` varchar(255) NOT NULL,
  `content` text DEFAULT NULL,
  `Createdat` datetime DEFAULT current_timestamp()
) ENGINE=InnoDB DEFAULT CHARSET=utf8mb4 COLLATE=utf8mb4_general_ci;

--
-- Dumping data for table `posts`
--

INSERT INTO `posts` (`id`, `user_id`, `title`, `content`, `Createdat`) VALUES
(128, 50, 'پست شماره 1 برای Matineh Mousavi', 'این محتوای تستی برای پست شماره 1 است.', '2025-06-01 19:55:35'),
(129, 51, 'پست شماره 1 برای Mobina mahdavi', 'این محتوای تستی برای پست شماره 1 است.', '2025-06-01 19:55:35'),
(130, 52, 'پست شماره 1 برای Parmida Mehrnikoo', 'این محتوای تستی برای پست شماره 1 است.', '2025-06-01 19:55:35'),
(131, 53, 'پست شماره 1 برای Sara Sarfi', 'این محتوای تستی برای پست شماره 1 است.', '2025-06-01 19:55:35'),
(132, 54, 'پست شماره 1 برای Fatemeh Binesh', 'این محتوای تستی برای پست شماره 1 است.', '2025-06-01 19:55:35'),
(133, 55, 'پست شماره 1 برای Danial Isaabadi', 'این محتوای تستی برای پست شماره 1 است.', '2025-06-01 19:55:35'),
(134, 56, 'پست شماره 1 برای Aida Sadeghi', 'این محتوای تستی برای پست شماره 1 است.', '2025-06-01 19:55:35'),
(135, 57, 'پست شماره 1 برای Amirhosein Tasharrofi', 'این محتوای تستی برای پست شماره 1 است.', '2025-06-01 19:55:35'),
(136, 58, 'پست شماره 1 برای Masoud Taghipour', 'این محتوای تستی برای پست شماره 1 است.', '2025-06-01 19:55:35'),
(137, 59, 'پست شماره 1 برای Ali Daneshmand', 'این محتوای تستی برای پست شماره 1 است.', '2025-06-01 19:55:35'),
(138, 60, 'پست شماره 1 برای Omid Haghgoo', 'این محتوای تستی برای پست شماره 1 است.', '2025-06-01 19:55:35'),
(139, 61, 'پست شماره 1 برای Mostafa Montazery', 'این محتوای تستی برای پست شماره 1 است.', '2025-06-01 19:55:35'),
(140, 62, 'پست شماره 1 برای Shakila Shaker', 'این محتوای تستی برای پست شماره 1 است.', '2025-06-01 19:55:35'),
(141, 63, 'پست شماره 1 برای fatemeh khajeh', 'این محتوای تستی برای پست شماره 1 است.', '2025-06-01 19:55:35'),
(142, 64, 'پست شماره 1 برای Mobina Amini', 'این محتوای تستی برای پست شماره 1 است.', '2025-06-01 19:55:35'),
(143, 65, 'پست شماره 1 برای Shahed Shirazi', 'این محتوای تستی برای پست شماره 1 است.', '2025-06-01 19:55:35'),
(144, 66, 'پست شماره 1 برای amirhosseinasadi', 'این محتوای تستی برای پست شماره 1 است.', '2025-06-01 19:55:35'),
(145, 67, 'پست شماره 1 برای Ghazal Rezaei', 'این محتوای تستی برای پست شماره 1 است.', '2025-06-01 19:55:35'),
(146, 68, 'پست شماره 1 برای Mobina Fallah', 'این محتوای تستی برای پست شماره 1 است.', '2025-06-01 19:55:35'),
(147, 69, 'پست شماره 1 برای Mahdieh panjei', 'این محتوای تستی برای پست شماره 1 است.', '2025-06-01 19:55:35'),
(148, 70, 'پست شماره 1 برای taha sadeghi', 'این محتوای تستی برای پست شماره 1 است.', '2025-06-01 19:55:35'),
(149, 71, 'پست شماره 1 برای Sadjad Rezagholizadeh', 'این محتوای تستی برای پست شماره 1 است.', '2025-06-01 19:55:35'),
(150, 72, 'پست شماره 1 برای ali babakordi', 'این محتوای تستی برای پست شماره 1 است.', '2025-06-01 19:55:35'),
(151, 73, 'پست شماره 1 برای AbbasEsmaili', 'این محتوای تستی برای پست شماره 1 است.', '2025-06-01 19:55:35'),
(152, 50, 'پست شماره 2 برای Matineh Mousavi', 'این محتوای تستی برای پست شماره 2 است.', '2025-06-01 19:55:35'),
(153, 51, 'پست شماره 2 برای Mobina mahdavi', 'این محتوای تستی برای پست شماره 2 است.', '2025-06-01 19:55:35'),
(154, 52, 'پست شماره 2 برای Parmida Mehrnikoo', 'این محتوای تستی برای پست شماره 2 است.', '2025-06-01 19:55:35'),
(155, 53, 'پست شماره 2 برای Sara Sarfi', 'این محتوای تستی برای پست شماره 2 است.', '2025-06-01 19:55:35'),
(156, 54, 'پست شماره 2 برای Fatemeh Binesh', 'این محتوای تستی برای پست شماره 2 است.', '2025-06-01 19:55:35'),
(157, 55, 'پست شماره 2 برای Danial Isaabadi', 'این محتوای تستی برای پست شماره 2 است.', '2025-06-01 19:55:35'),
(158, 56, 'پست شماره 2 برای Aida Sadeghi', 'این محتوای تستی برای پست شماره 2 است.', '2025-06-01 19:55:35'),
(159, 57, 'پست شماره 2 برای Amirhosein Tasharrofi', 'این محتوای تستی برای پست شماره 2 است.', '2025-06-01 19:55:35'),
(160, 58, 'پست شماره 2 برای Masoud Taghipour', 'این محتوای تستی برای پست شماره 2 است.', '2025-06-01 19:55:35'),
(161, 59, 'پست شماره 2 برای Ali Daneshmand', 'این محتوای تستی برای پست شماره 2 است.', '2025-06-01 19:55:35'),
(162, 60, 'پست شماره 2 برای Omid Haghgoo', 'این محتوای تستی برای پست شماره 2 است.', '2025-06-01 19:55:35'),
(163, 61, 'پست شماره 2 برای Mostafa Montazery', 'این محتوای تستی برای پست شماره 2 است.', '2025-06-01 19:55:35'),
(164, 62, 'پست شماره 2 برای Shakila Shaker', 'این محتوای تستی برای پست شماره 2 است.', '2025-06-01 19:55:35'),
(165, 63, 'پست شماره 2 برای fatemeh khajeh', 'این محتوای تستی برای پست شماره 2 است.', '2025-06-01 19:55:35'),
(166, 64, 'پست شماره 2 برای Mobina Amini', 'این محتوای تستی برای پست شماره 2 است.', '2025-06-01 19:55:35'),
(167, 65, 'پست شماره 2 برای Shahed Shirazi', 'این محتوای تستی برای پست شماره 2 است.', '2025-06-01 19:55:35'),
(168, 66, 'پست شماره 2 برای amirhosseinasadi', 'این محتوای تستی برای پست شماره 2 است.', '2025-06-01 19:55:35'),
(169, 67, 'پست شماره 2 برای Ghazal Rezaei', 'این محتوای تستی برای پست شماره 2 است.', '2025-06-01 19:55:35'),
(170, 68, 'پست شماره 2 برای Mobina Fallah', 'این محتوای تستی برای پست شماره 2 است.', '2025-06-01 19:55:35'),
(171, 69, 'پست شماره 2 برای Mahdieh panjei', 'این محتوای تستی برای پست شماره 2 است.', '2025-06-01 19:55:35'),
(172, 70, 'پست شماره 2 برای taha sadeghi', 'این محتوای تستی برای پست شماره 2 است.', '2025-06-01 19:55:35'),
(173, 71, 'پست شماره 2 برای Sadjad Rezagholizadeh', 'این محتوای تستی برای پست شماره 2 است.', '2025-06-01 19:55:35'),
(174, 72, 'پست شماره 2 برای ali babakordi', 'این محتوای تستی برای پست شماره 2 است.', '2025-06-01 19:55:35'),
(175, 73, 'پست شماره 2 برای AbbasEsmaili', 'این محتوای تستی برای پست شماره 2 است.', '2025-06-01 19:55:35'),
(176, 50, 'پست شماره 3 برای Matineh Mousavi', 'این محتوای تستی برای پست شماره 3 است.', '2025-06-01 19:55:35'),
(177, 51, 'پست شماره 3 برای Mobina mahdavi', 'این محتوای تستی برای پست شماره 3 است.', '2025-06-01 19:55:35'),
(178, 52, 'پست شماره 3 برای Parmida Mehrnikoo', 'این محتوای تستی برای پست شماره 3 است.', '2025-06-01 19:55:35'),
(179, 53, 'پست شماره 3 برای Sara Sarfi', 'این محتوای تستی برای پست شماره 3 است.', '2025-06-01 19:55:35'),
(180, 54, 'پست شماره 3 برای Fatemeh Binesh', 'این محتوای تستی برای پست شماره 3 است.', '2025-06-01 19:55:35'),
(181, 55, 'پست شماره 3 برای Danial Isaabadi', 'این محتوای تستی برای پست شماره 3 است.', '2025-06-01 19:55:35'),
(182, 56, 'پست شماره 3 برای Aida Sadeghi', 'این محتوای تستی برای پست شماره 3 است.', '2025-06-01 19:55:35'),
(183, 57, 'پست شماره 3 برای Amirhosein Tasharrofi', 'این محتوای تستی برای پست شماره 3 است.', '2025-06-01 19:55:35'),
(184, 58, 'پست شماره 3 برای Masoud Taghipour', 'این محتوای تستی برای پست شماره 3 است.', '2025-06-01 19:55:35'),
(185, 59, 'پست شماره 3 برای Ali Daneshmand', 'این محتوای تستی برای پست شماره 3 است.', '2025-06-01 19:55:35'),
(186, 60, 'پست شماره 3 برای Omid Haghgoo', 'این محتوای تستی برای پست شماره 3 است.', '2025-06-01 19:55:35'),
(187, 61, 'پست شماره 3 برای Mostafa Montazery', 'این محتوای تستی برای پست شماره 3 است.', '2025-06-01 19:55:35'),
(188, 62, 'پست شماره 3 برای Shakila Shaker', 'این محتوای تستی برای پست شماره 3 است.', '2025-06-01 19:55:35'),
(189, 63, 'پست شماره 3 برای fatemeh khajeh', 'این محتوای تستی برای پست شماره 3 است.', '2025-06-01 19:55:35'),
(190, 64, 'پست شماره 3 برای Mobina Amini', 'این محتوای تستی برای پست شماره 3 است.', '2025-06-01 19:55:35'),
(191, 65, 'پست شماره 3 برای Shahed Shirazi', 'این محتوای تستی برای پست شماره 3 است.', '2025-06-01 19:55:35'),
(192, 66, 'پست شماره 3 برای amirhosseinasadi', 'این محتوای تستی برای پست شماره 3 است.', '2025-06-01 19:55:35'),
(193, 67, 'پست شماره 3 برای Ghazal Rezaei', 'این محتوای تستی برای پست شماره 3 است.', '2025-06-01 19:55:35'),
(194, 68, 'پست شماره 3 برای Mobina Fallah', 'این محتوای تستی برای پست شماره 3 است.', '2025-06-01 19:55:35'),
(195, 69, 'پست شماره 3 برای Mahdieh panjei', 'این محتوای تستی برای پست شماره 3 است.', '2025-06-01 19:55:35'),
(196, 70, 'پست شماره 3 برای taha sadeghi', 'این محتوای تستی برای پست شماره 3 است.', '2025-06-01 19:55:35'),
(197, 71, 'پست شماره 3 برای Sadjad Rezagholizadeh', 'این محتوای تستی برای پست شماره 3 است.', '2025-06-01 19:55:35'),
(198, 72, 'پست شماره 3 برای ali babakordi', 'این محتوای تستی برای پست شماره 3 است.', '2025-06-01 19:55:35'),
(199, 73, 'پست شماره 3 برای AbbasEsmaili', 'این محتوای تستی برای پست شماره 3 است.', '2025-06-01 19:55:35'),
(200, 50, 'پست شماره 4 برای Matineh Mousavi', 'این محتوای تستی برای پست شماره 4 است.', '2025-06-01 19:55:35'),
(201, 51, 'پست شماره 4 برای Mobina mahdavi', 'این محتوای تستی برای پست شماره 4 است.', '2025-06-01 19:55:35'),
(202, 52, 'پست شماره 4 برای Parmida Mehrnikoo', 'این محتوای تستی برای پست شماره 4 است.', '2025-06-01 19:55:35'),
(203, 53, 'پست شماره 4 برای Sara Sarfi', 'این محتوای تستی برای پست شماره 4 است.', '2025-06-01 19:55:35'),
(204, 54, 'پست شماره 4 برای Fatemeh Binesh', 'این محتوای تستی برای پست شماره 4 است.', '2025-06-01 19:55:35'),
(205, 55, 'پست شماره 4 برای Danial Isaabadi', 'این محتوای تستی برای پست شماره 4 است.', '2025-06-01 19:55:35'),
(206, 56, 'پست شماره 4 برای Aida Sadeghi', 'این محتوای تستی برای پست شماره 4 است.', '2025-06-01 19:55:35'),
(207, 57, 'پست شماره 4 برای Amirhosein Tasharrofi', 'این محتوای تستی برای پست شماره 4 است.', '2025-06-01 19:55:35'),
(208, 58, 'پست شماره 4 برای Masoud Taghipour', 'این محتوای تستی برای پست شماره 4 است.', '2025-06-01 19:55:35'),
(209, 59, 'پست شماره 4 برای Ali Daneshmand', 'این محتوای تستی برای پست شماره 4 است.', '2025-06-01 19:55:35'),
(210, 60, 'پست شماره 4 برای Omid Haghgoo', 'این محتوای تستی برای پست شماره 4 است.', '2025-06-01 19:55:35'),
(211, 61, 'پست شماره 4 برای Mostafa Montazery', 'این محتوای تستی برای پست شماره 4 است.', '2025-06-01 19:55:35'),
(212, 62, 'پست شماره 4 برای Shakila Shaker', 'این محتوای تستی برای پست شماره 4 است.', '2025-06-01 19:55:35'),
(213, 63, 'پست شماره 4 برای fatemeh khajeh', 'این محتوای تستی برای پست شماره 4 است.', '2025-06-01 19:55:35'),
(214, 64, 'پست شماره 4 برای Mobina Amini', 'این محتوای تستی برای پست شماره 4 است.', '2025-06-01 19:55:35'),
(215, 65, 'پست شماره 4 برای Shahed Shirazi', 'این محتوای تستی برای پست شماره 4 است.', '2025-06-01 19:55:35'),
(216, 66, 'پست شماره 4 برای amirhosseinasadi', 'این محتوای تستی برای پست شماره 4 است.', '2025-06-01 19:55:35'),
(217, 67, 'پست شماره 4 برای Ghazal Rezaei', 'این محتوای تستی برای پست شماره 4 است.', '2025-06-01 19:55:35'),
(218, 68, 'پست شماره 4 برای Mobina Fallah', 'این محتوای تستی برای پست شماره 4 است.', '2025-06-01 19:55:35'),
(219, 69, 'پست شماره 4 برای Mahdieh panjei', 'این محتوای تستی برای پست شماره 4 است.', '2025-06-01 19:55:35'),
(220, 70, 'پست شماره 4 برای taha sadeghi', 'این محتوای تستی برای پست شماره 4 است.', '2025-06-01 19:55:35'),
(221, 71, 'پست شماره 4 برای Sadjad Rezagholizadeh', 'این محتوای تستی برای پست شماره 4 است.', '2025-06-01 19:55:35'),
(222, 72, 'پست شماره 4 برای ali babakordi', 'این محتوای تستی برای پست شماره 4 است.', '2025-06-01 19:55:35'),
(223, 73, 'پست شماره 4 برای AbbasEsmaili', 'این محتوای تستی برای پست شماره 4 است.', '2025-06-01 19:55:35'),
(224, 50, 'پست شماره 5 برای Matineh Mousavi', 'این محتوای تستی برای پست شماره 5 است.', '2025-06-01 19:55:35'),
(225, 51, 'پست شماره 5 برای Mobina mahdavi', 'این محتوای تستی برای پست شماره 5 است.', '2025-06-01 19:55:35'),
(226, 52, 'پست شماره 5 برای Parmida Mehrnikoo', 'این محتوای تستی برای پست شماره 5 است.', '2025-06-01 19:55:35'),
(227, 53, 'پست شماره 5 برای Sara Sarfi', 'این محتوای تستی برای پست شماره 5 است.', '2025-06-01 19:55:35'),
(228, 54, 'پست شماره 5 برای Fatemeh Binesh', 'این محتوای تستی برای پست شماره 5 است.', '2025-06-01 19:55:35'),
(229, 55, 'پست شماره 5 برای Danial Isaabadi', 'این محتوای تستی برای پست شماره 5 است.', '2025-06-01 19:55:35'),
(230, 56, 'پست شماره 5 برای Aida Sadeghi', 'این محتوای تستی برای پست شماره 5 است.', '2025-06-01 19:55:35'),
(231, 57, 'پست شماره 5 برای Amirhosein Tasharrofi', 'این محتوای تستی برای پست شماره 5 است.', '2025-06-01 19:55:35'),
(232, 58, 'پست شماره 5 برای Masoud Taghipour', 'این محتوای تستی برای پست شماره 5 است.', '2025-06-01 19:55:35'),
(233, 59, 'پست شماره 5 برای Ali Daneshmand', 'این محتوای تستی برای پست شماره 5 است.', '2025-06-01 19:55:35'),
(234, 60, 'پست شماره 5 برای Omid Haghgoo', 'این محتوای تستی برای پست شماره 5 است.', '2025-06-01 19:55:35'),
(235, 61, 'پست شماره 5 برای Mostafa Montazery', 'این محتوای تستی برای پست شماره 5 است.', '2025-06-01 19:55:35'),
(236, 62, 'پست شماره 5 برای Shakila Shaker', 'این محتوای تستی برای پست شماره 5 است.', '2025-06-01 19:55:35'),
(237, 63, 'پست شماره 5 برای fatemeh khajeh', 'این محتوای تستی برای پست شماره 5 است.', '2025-06-01 19:55:35'),
(238, 64, 'پست شماره 5 برای Mobina Amini', 'این محتوای تستی برای پست شماره 5 است.', '2025-06-01 19:55:35'),
(239, 65, 'پست شماره 5 برای Shahed Shirazi', 'این محتوای تستی برای پست شماره 5 است.', '2025-06-01 19:55:35'),
(240, 66, 'پست شماره 5 برای amirhosseinasadi', 'این محتوای تستی برای پست شماره 5 است.', '2025-06-01 19:55:35'),
(241, 67, 'پست شماره 5 برای Ghazal Rezaei', 'این محتوای تستی برای پست شماره 5 است.', '2025-06-01 19:55:35'),
(242, 68, 'پست شماره 5 برای Mobina Fallah', 'این محتوای تستی برای پست شماره 5 است.', '2025-06-01 19:55:35'),
(243, 69, 'پست شماره 5 برای Mahdieh panjei', 'این محتوای تستی برای پست شماره 5 است.', '2025-06-01 19:55:35'),
(244, 70, 'پست شماره 5 برای taha sadeghi', 'این محتوای تستی برای پست شماره 5 است.', '2025-06-01 19:55:35'),
(245, 71, 'پست شماره 5 برای Sadjad Rezagholizadeh', 'این محتوای تستی برای پست شماره 5 است.', '2025-06-01 19:55:35'),
(246, 72, 'پست شماره 5 برای ali babakordi', 'این محتوای تستی برای پست شماره 5 است.', '2025-06-01 19:55:35'),
(247, 73, 'پست شماره 5 برای AbbasEsmaili', 'این محتوای تستی برای پست شماره 5 است.', '2025-06-01 19:55:35');

-- --------------------------------------------------------

--
-- Table structure for table `post_views`
--

CREATE TABLE `post_views` (
  `id` int(11) NOT NULL,
  `post_1_id` int(11) NOT NULL,
  `post_2_id` int(11) NOT NULL,
  `views` int(11) DEFAULT 0
) ENGINE=InnoDB DEFAULT CHARSET=utf8mb4 COLLATE=utf8mb4_general_ci;

--
-- Dumping data for table `post_views`
--

INSERT INTO `post_views` (`id`, `post_1_id`, `post_2_id`, `views`) VALUES
(128, 169, 131, 33),
(129, 155, 194, 205),
(130, 138, 195, 89),
(131, 138, 151, 439),
(132, 237, 181, 19),
(133, 172, 205, 73),
(134, 201, 131, 407),
(135, 143, 195, 169),
(136, 209, 197, 283),
(137, 183, 170, 155),
(138, 148, 151, 136),
(139, 181, 184, 356),
(140, 206, 140, 92),
(141, 243, 211, 381),
(142, 225, 158, 23),
(143, 223, 160, 84),
(144, 154, 191, 314),
(145, 128, 147, 130),
(146, 174, 214, 251),
(147, 157, 165, 343),
(148, 133, 212, 311),
(149, 199, 157, 419),
(150, 232, 241, 241),
(151, 235, 196, 183),
(152, 240, 190, 68),
(153, 151, 201, 193),
(154, 170, 239, 232),
(155, 166, 190, 301),
(156, 196, 163, 264),
(157, 245, 208, 84),
(158, 136, 168, 490),
(159, 148, 188, 208),
(160, 196, 214, 127),
(161, 232, 172, 120),
(162, 222, 247, 89),
(163, 150, 151, 183),
(164, 136, 133, 193),
(165, 186, 143, 277),
(166, 202, 235, 310),
(167, 203, 212, 449),
(168, 204, 157, 226),
(169, 159, 138, 479),
(170, 234, 215, 242),
(171, 172, 227, 148),
(172, 230, 178, 483),
(173, 216, 184, 42),
(174, 235, 172, 375),
(175, 203, 169, 297),
(176, 153, 210, 392),
(177, 138, 188, 106),
(178, 242, 160, 29),
(179, 184, 214, 472),
(180, 219, 185, 371),
(181, 172, 137, 387),
(182, 177, 225, 217),
(183, 164, 207, 90),
(184, 175, 204, 24),
(185, 214, 148, 17),
(186, 165, 128, 213),
(187, 173, 139, 455),
(188, 165, 227, 366),
(189, 237, 212, 46),
(190, 192, 234, 162),
(191, 201, 192, 228),
(192, 204, 219, 83),
(193, 185, 158, 287),
(194, 209, 217, 56),
(195, 140, 171, 489),
(196, 220, 224, 269),
(197, 176, 242, 276),
(198, 209, 192, 197),
(199, 231, 176, 366),
(200, 231, 163, 261),
(201, 200, 168, 182),
(202, 219, 190, 318),
(203, 190, 169, 405),
(204, 169, 159, 117),
(205, 173, 166, 300),
(206, 207, 185, 70),
(207, 189, 208, 382),
(208, 167, 220, 258),
(209, 143, 237, 178),
(210, 139, 242, 387),
(211, 153, 166, 142),
(212, 184, 140, 118),
(213, 234, 160, 410),
(214, 226, 144, 21),
(215, 190, 138, 132),
(216, 217, 153, 174),
(217, 245, 187, 158),
(218, 208, 167, 173),
(219, 197, 246, 67),
(220, 130, 154, 468),
(221, 157, 243, 423),
(222, 177, 213, 286),
(223, 237, 218, 335),
(224, 219, 217, 93),
(225, 233, 168, 437),
(226, 144, 213, 104),
(227, 133, 161, 369);

-- --------------------------------------------------------

--
-- Table structure for table `related_posts`
--

CREATE TABLE `related_posts` (
  `id` int(11) NOT NULL,
  `post_1_id` int(11) NOT NULL,
  `post_2_id` int(11) NOT NULL
) ENGINE=InnoDB DEFAULT CHARSET=utf8mb4 COLLATE=utf8mb4_general_ci;

--
-- Dumping data for table `related_posts`
--

INSERT INTO `related_posts` (`id`, `post_1_id`, `post_2_id`) VALUES
(128, 146, 133),
(129, 158, 143),
(130, 169, 184),
(131, 139, 184),
(132, 196, 168),
(133, 224, 143),
(134, 134, 244),
(135, 146, 166),
(136, 182, 233),
(137, 190, 181),
(138, 219, 192),
(139, 234, 226),
(140, 130, 154),
(141, 164, 204),
(142, 173, 241),
(143, 228, 172),
(144, 133, 235),
(145, 209, 207),
(146, 217, 244),
(147, 189, 169),
(148, 162, 151),
(149, 132, 130),
(150, 224, 234),
(151, 190, 201),
(152, 159, 164),
(153, 231, 136),
(154, 182, 194),
(155, 139, 157),
(156, 201, 163),
(157, 224, 188),
(158, 186, 143),
(159, 134, 240),
(160, 222, 133),
(161, 211, 197),
(162, 167, 165),
(163, 201, 217),
(164, 232, 186),
(165, 220, 194),
(166, 130, 187),
(167, 165, 204),
(168, 165, 141),
(169, 199, 163),
(170, 145, 176),
(171, 226, 144),
(172, 136, 146),
(173, 217, 240),
(174, 180, 182),
(175, 146, 239),
(176, 135, 187),
(177, 182, 169),
(178, 187, 225),
(179, 128, 244),
(180, 238, 143),
(181, 206, 173),
(182, 177, 159),
(183, 211, 129),
(184, 190, 204),
(185, 200, 179),
(186, 200, 130),
(187, 240, 219),
(188, 151, 232),
(189, 163, 149),
(190, 197, 167),
(191, 208, 169),
(192, 174, 141),
(193, 236, 142),
(194, 172, 243),
(195, 185, 166),
(196, 193, 221),
(197, 169, 147),
(198, 218, 138),
(199, 195, 176),
(200, 232, 138),
(201, 207, 139),
(202, 190, 157),
(203, 232, 181),
(204, 135, 218),
(205, 141, 235),
(206, 155, 230),
(207, 148, 206),
(208, 182, 224),
(209, 166, 239),
(210, 129, 160),
(211, 155, 188),
(212, 179, 137),
(213, 236, 187),
(214, 183, 240),
(215, 231, 200),
(216, 194, 195),
(217, 141, 158),
(218, 129, 212),
(219, 234, 196),
(220, 201, 149),
(221, 128, 216),
(222, 236, 134),
(223, 200, 176),
(224, 142, 216),
(225, 140, 131),
(226, 243, 193),
(227, 181, 234);

-- --------------------------------------------------------

--
-- Table structure for table `users`
--

CREATE TABLE `users` (
  `id` int(32) NOT NULL,
  `name` varchar(100) NOT NULL,
  `email` varchar(100) NOT NULL,
  `password` varchar(255) NOT NULL,
  `Createdat` datetime NOT NULL DEFAULT '0000-00-00 00:00:00' ON UPDATE current_timestamp()
) ENGINE=InnoDB DEFAULT CHARSET=utf8mb4 COLLATE=utf8mb4_general_ci;

--
-- Dumping data for table `users`
--

INSERT INTO `users` (`id`, `name`, `email`, `password`, `Createdat`) VALUES
(50, 'Matineh Mousavi', 'matineh.mousavi8200@gmail.com', '$2y$10$Za60H8yGJ4deMknWuF8iGelOFw5zZAuOwfYe3mjTEpenm3I43fESK', '0000-00-00 00:00:00'),
(51, 'Mobina mahdavi', 'mobina.mahdavi.web@gmail.com', '$2y$10$cC2kvp7pX3JS7STuuT9M1uD8Oz68ZM017YwCritODoHXu/PCiFM7G', '0000-00-00 00:00:00'),
(52, 'Parmida Mehrnikoo', 'Mehrnikoo.net@gmail.com', '$2y$10$Ri5/souzIMtnHGP3DdrXJenRyajGWx8i7UNx8Up8.b3Liu5ywg1FG', '0000-00-00 00:00:00'),
(53, 'Sara Sarfi', 'sarasarfi79@gmail.com', '$2y$10$Yr3k9C1ryD2MYYhMtIP66ekkbqVZ36273Ix4tYVXuLMFHg0NstwHK', '0000-00-00 00:00:00'),
(54, 'Fatemeh Binesh', 'fatemehbinesh17@gmail.com', '$2y$10$P/jmepLdjnWvmcshd8CuIeuOcL9keCq3JTTYZSH7Xs.LKSPIkHvpa', '0000-00-00 00:00:00'),
(55, 'Danial Isaabadi', 'danial.isaabadi81@gmail.com', '$2y$10$.lNNz73TeCbbjkl7RaZDaOjjw2Kd.HxMDkqEMlnUmfV8ykW6C9.o2', '0000-00-00 00:00:00'),
(56, 'Aida Sadeghi', 'asv94974@gmail.com', '$2y$10$oUFAilQapJZe95DPJUSntukHLPDyEu3M7Pow.7XVojRROqNUPlmii', '0000-00-00 00:00:00'),
(57, 'Amirhosein Tasharrofi', 'amirhosein.tasharrofi@gmail.com', '$2y$10$ruxlhzI.vhRn4lM0wqkP0.azzQkJO3uD0GVHbEo1yqIfysCg8QZYm', '0000-00-00 00:00:00'),
(58, 'Masoud Taghipour', 'mtaghipourj@gmail.com', '$2y$10$Iz1UhoH6y3C6ZHIJjlwGweS9uGmqHLZwFLL4EVX2vV.g2DOHFonuS', '0000-00-00 00:00:00'),
(59, 'Ali Daneshmand', 'daneshmanda8@gmail.com', '$2y$10$Vjzigee9z86cteXVpMJ6ueDoLkAjrIc/nCENyQWEYrB7zvyWroeTe', '0000-00-00 00:00:00'),
(60, 'Omid Haghgoo', 'O.Haghgoo@gmail.com', '$2y$10$Z47eSL0taFOmgeMuacOh2OTAyw0jw51LWMC/hS2hQNkEYp/G/tyt2', '0000-00-00 00:00:00'),
(61, 'Mostafa Montazery', 'Mostafamtz@gmail.com', '$2y$10$BiKwG7o/dNlo55T6mi/F0uMCIn.gufky5Qpc1k9aaMb/28mTpWzfu', '0000-00-00 00:00:00'),
(62, 'Shakila Shaker', 'shakilashaker80@gmail.com', '$2y$10$CBErOIgpJQ8QJe40sJpLGekMkB6iZ7sbLBL6oszqTlp.kx52DfZ82', '0000-00-00 00:00:00'),
(63, 'fatemeh khajeh', 'fatemeh.khajeh1404@gmail.com', '$2y$10$eGce1F5olSHiOaFeRsg4JukTvQGVlr2FgUK2pxsJiyaBXh3ZRK5.u', '0000-00-00 00:00:00'),
(64, 'Mobina Amini', 'mobina.amini.web@gmail.com', '$2y$10$l/lgoTvb5Px0Zt4euo1raOxEnmwWbcQOyZQzVwXtXuqYAyT4SyxW2', '0000-00-00 00:00:00'),
(65, 'Shahed Shirazi', 'shirazishaheds926@gmail.com', '$2y$10$75NjTSod3Nma4cSAPuXL3.a1DcMrDTph0Rwezv7PUyS264ZOhmIMy', '0000-00-00 00:00:00'),
(66, 'amirhosseinasadi', 'amirhosseinasadi162@gmail.com', '$2y$10$tlkyXY/pGTIBvydk7VT9oefcCK0IiyotUDnVkl96r89aAftSR0MoC', '0000-00-00 00:00:00'),
(67, 'Ghazal Rezaei', 'rezaeighazal432@gmail.com', '$2y$10$erJf6WXByiFTuEVX/ibSs.6YhSqnoGSRFhBymBs5sq1E0/.VK9M7m', '0000-00-00 00:00:00'),
(68, 'Mobina Fallah', 'flhmobinaa@gmail.com', '$2y$10$F02JnVkQK.uHOAHt0oZgzeb4/KtB8DW2JMmrJ/8J9mm/YKwQZx0Jq', '0000-00-00 00:00:00'),
(69, 'Mahdieh panjei', 'mahdiehpanjei@gmail.com', '$2y$10$FPbhN83CbfjkFE3Y4cP0WuTlShjMRPWHiiVZk7ryG.C5tC5QeJJ4y', '0000-00-00 00:00:00'),
(70, 'taha sadeghi', 'taha18319113@gmail.com', '$2y$10$zvno.XnZ6BlymIREP7PNzuXmpPhRgHMeFNhTSMkrWpLnBkvsXMsAi', '0000-00-00 00:00:00'),
(71, 'Sadjad Rezagholizadeh', 'sajjad.rz@gmail.com', '$2y$10$qZZb5afFOzuC3.uixOR6.O9TP8EXOQsnbQMbXEfRjG3hQ1hkJpO9O', '0000-00-00 00:00:00'),
(72, 'ali babakordi', 'alibabakordi82@gmail.com', '$2y$10$b3Bc/XFvyRaDmIO/7V61ceZqkLa1boi8xSVIt6mvrfp1Rp0beIW8m', '0000-00-00 00:00:00'),
(73, 'AbbasEsmaili', 'abbas@gmail.com', '$2y$10$CWK/Qz/9H686oVeXP14k6.kiqLNt6obuvtrg7Sqtyci7w2HKhrWdW', '0000-00-00 00:00:00');

--
-- Indexes for dumped tables
--

--
-- Indexes for table `posts`
--
ALTER TABLE `posts`
  ADD PRIMARY KEY (`id`),
  ADD KEY `user_id` (`user_id`);

--
-- Indexes for table `post_views`
--
ALTER TABLE `post_views`
  ADD PRIMARY KEY (`id`),
  ADD KEY `post_1_id` (`post_1_id`),
  ADD KEY `post_2_id` (`post_2_id`);

--
-- Indexes for table `related_posts`
--
ALTER TABLE `related_posts`
  ADD PRIMARY KEY (`id`),
  ADD KEY `post_1_id` (`post_1_id`),
  ADD KEY `post_2_id` (`post_2_id`);

--
-- Indexes for table `users`
--
ALTER TABLE `users`
  ADD PRIMARY KEY (`id`);

--
-- AUTO_INCREMENT for dumped tables
--

--
-- AUTO_INCREMENT for table `posts`
--
ALTER TABLE `posts`
  MODIFY `id` int(11) NOT NULL AUTO_INCREMENT, AUTO_INCREMENT=255;

--
-- AUTO_INCREMENT for table `post_views`
--
ALTER TABLE `post_views`
  MODIFY `id` int(11) NOT NULL AUTO_INCREMENT, AUTO_INCREMENT=255;

--
-- AUTO_INCREMENT for table `related_posts`
--
ALTER TABLE `related_posts`
  MODIFY `id` int(11) NOT NULL AUTO_INCREMENT, AUTO_INCREMENT=255;

--
-- AUTO_INCREMENT for table `users`
--
ALTER TABLE `users`
  MODIFY `id` int(32) NOT NULL AUTO_INCREMENT, AUTO_INCREMENT=76;

--
-- Constraints for dumped tables
--

--
-- Constraints for table `posts`
--
ALTER TABLE `posts`
  ADD CONSTRAINT `posts_ibfk_1` FOREIGN KEY (`user_id`) REFERENCES `users` (`id`) ON DELETE CASCADE;

--
-- Constraints for table `post_views`
--
ALTER TABLE `post_views`
  ADD CONSTRAINT `post_views_ibfk_1` FOREIGN KEY (`post_1_id`) REFERENCES `posts` (`id`) ON DELETE CASCADE,
  ADD CONSTRAINT `post_views_ibfk_2` FOREIGN KEY (`post_2_id`) REFERENCES `posts` (`id`) ON DELETE CASCADE;

--
-- Constraints for table `related_posts`
--
ALTER TABLE `related_posts`
  ADD CONSTRAINT `related_posts_ibfk_1` FOREIGN KEY (`post_1_id`) REFERENCES `posts` (`id`) ON DELETE CASCADE,
  ADD CONSTRAINT `related_posts_ibfk_2` FOREIGN KEY (`post_2_id`) REFERENCES `posts` (`id`) ON DELETE CASCADE;
COMMIT;

/*!40101 SET CHARACTER_SET_CLIENT=@OLD_CHARACTER_SET_CLIENT */;
/*!40101 SET CHARACTER_SET_RESULTS=@OLD_CHARACTER_SET_RESULTS */;
/*!40101 SET COLLATION_CONNECTION=@OLD_COLLATION_CONNECTION */;
